﻿pos_x,pos_y,rotation,side,designator,mpn,pack,footprint,value,mount_type
139.96,-74.1025,-90.0,top,C1,,,C_0805_2012Metric_Pad1.18x1.45mm_HandSolder,100nF,smt
137.91,-74.09,90.0,top,C2,,,C_0805_2012Metric_Pad1.18x1.45mm_HandSolder,100nF,smt
125.275,-94.4,0.0,top,C3,,,C_0805_2012Metric_Pad1.18x1.45mm_HandSolder,22uF,smt
147.0,-104.0,0.0,top,C4,,,C_0805_2012Metric_Pad1.18x1.45mm_HandSolder,100nF,smt
151.0,-99.5,0.0,top,C5,,,C_0805_2012Metric_Pad1.18x1.45mm_HandSolder,100nF,smt
150.214894,-72.682221,-25.0,top,C6,,,C_0805_2012Metric_Pad1.18x1.45mm_HandSolder,10uF,smt
144.576363,-72.305174,0.0,top,C7,,,C_0805_2012Metric_Pad1.18x1.45mm_HandSolder,100nF,smt
119.6,-102.35,-90.0,top,D1,,,LED_0805_2012Metric,LED,smt
118.5625,-95.0,0.0,top,D2,,,LED_0805_2012Metric,LED,smt
151.807334,-106.777139,47.5,top,J1,,,MOLEX_533980471,533980471,smt
151.82342,-106.835342,-132.5,bottom,J2,,,MOLEX_533980471,533980471,smt
132.433589,-115.417146,0.0,top,J3,,,MOLEX_533980471,533980471,smt
132.440847,-115.412836,180.0,bottom,J4,,,MOLEX_533980471,533980471,smt
164.0,-101.5,-90.0,top,Q2,,,SOT-23,Q_NPN_BEC,smt
122.3,-98.65,-90.0,top,R1,,,R_0805_2012Metric_Pad1.20x1.40mm_HandSolder,10k,smt
144.5,-80.0,0.0,top,R10,,,R_0805_2012Metric_Pad1.20x1.40mm_HandSolder,1Meg,smt
158.581655,-95.180391,180.0,top,R2,,,R_0805_2012Metric_Pad1.20x1.40mm_HandSolder,1Meg,smt
167.875,-99.45,90.0,top,R4,,,R_0805_2012Metric_Pad1.20x1.40mm_HandSolder,3.7k,smt
135.37,-74.02,90.0,top,R5,,,R_0805_2012Metric_Pad1.20x1.40mm_HandSolder,1Meg,smt
165.8,-106.85,90.0,top,R6,,,ldr,LDR07,tht
122.3,-102.45,-90.0,top,R7,,,R_0805_2012Metric_Pad1.20x1.40mm_HandSolder,5.1k,smt
118.5,-92.5,0.0,top,R8,,,R_0805_2012Metric_Pad1.20x1.40mm_HandSolder,5.1k,smt
166.825,-103.725,-90.0,top,R9,,,R_0805_2012Metric_Pad1.20x1.40mm_HandSolder,100k,smt
132.65,-103.7,0.0,top,U1,,Package,XCVR_CD-PA1616D,CD-PA1616D,smt
142.805,-83.925,0.0,top,U2,,None,ESPCam,ESP32-CAM,smt
138.53,-77.6925,-90.0,top,U3,,,Bosch_LGA-8_2.5x2.5mm_P0.65mm_ClockwisePinNumbering,BME280,smt
146.96495,-100.75,90.0,top,U4,,,BMI323_BOS-M,BMI323,smt
146.733832,-75.868059,0.0,top,U5,,,PQFN50P300X300X100-16N,H3LIS100DLTR,smt
