﻿Designator,Quantity,Value,Footprint,Package,MPN,DNP,Mount_Type,Description,Sim.Pins,PARTREV,STANDARD,MAXIMUM_PACKAGE_HEIGHT,MANUFACTURER,Sim.Device,MF,Price,Check_prices,SnapEDA_Link,MP,Description_1,SNAPEDA_PN,Availability,PRICE,AVAILABILITY
"3V3B, 3V3L, 5V, I1100, I1323, I2100, I2323, L1, L2, RX, SA0, SCL1, SDA1, TX",14,TestPoint,TestPoint_Pad_D1.0mm,,,,tht,test point,,,,,,,,,,,,,,,,
"C1, C2, C4, C5, C7",5,100nF,C_0805_2012Metric_Pad1.18x1.45mm_HandSolder,,,,smt,Unpolarized capacitor,,,,,,,,,,,,,,,,
C3,1,22uF,C_0805_2012Metric_Pad1.18x1.45mm_HandSolder,,,,smt,Unpolarized capacitor,,,,,,,,,,,,,,,,
C6,1,10uF,C_0805_2012Metric_Pad1.18x1.45mm_HandSolder,,,,smt,Unpolarized capacitor,,,,,,,,,,,,,,,,
"D1, D2",2,LED,LED_0805_2012Metric,,,,smt,Light emitting diode,1=K 2=A,,,,,,,,,,,,,,,
"J1, J2, J3, J4",4,533980471,MOLEX_533980471,,,,smt,,,A,Manufacturer Recommendations,4.7 mm,Molex,,,,,,,,,,,
Q2,1,Q_NPN_BEC,SOT-23,,,,smt,"NPN transistor, base/emitter/collector",1=B 2=E 3=C,,,,,NPN,,,,,,,,,,
R1,1,10k,R_0805_2012Metric_Pad1.20x1.40mm_HandSolder,,,,smt,Resistor,,,,,,,,,,,,,,,,
"R10, R2, R5",3,1Meg,R_0805_2012Metric_Pad1.20x1.40mm_HandSolder,,,,smt,Resistor,,,,,,,,,,,,,,,,
R4,1,3.7k,R_0805_2012Metric_Pad1.20x1.40mm_HandSolder,,,,smt,Resistor,,,,,,,,,,,,,,,,
R6,1,LDR07,ldr,,,,tht,light dependent resistor,,,,,,,,,,,,,,,,
"R7, R8",2,5.1k,R_0805_2012Metric_Pad1.20x1.40mm_HandSolder,,,,smt,Resistor,,,,,,,,,,,,,,,,
R9,1,100k,R_0805_2012Metric_Pad1.20x1.40mm_HandSolder,,,,smt,Resistor,,,,,,,,,,,,,,,,
U1,1,CD-PA1616D,XCVR_CD-PA1616D,Package,,,smt,,,V.06,Manufacturer Recommendations,6.7 mm,CD Top,,CD Top,None,https://www.snapeda.com/parts/CD-PA1616D/CD+technology/view-part/?ref=eda,https://www.snapeda.com/parts/CD-PA1616D/CD+technology/view-part/?ref=snap,CD-PA1616D,CD-PA1616DGNSS patch antenna module,CD-PA1616D,Not in stock,,
U2,1,ESP32-CAM,ESPCam,None,,,smt,"ESP32 ESP32 Transceiver; 802.11 a/b/g/n (Wi-Fi, WiFi, WLAN), Bluetooth® Smart 4.x Low Energy (BLE) Evaluation Board",,,,,,,AI-Thinker,None,https://www.snapeda.com/parts/ESP32-CAM/AI-Thinker/view-part/?ref=eda,https://www.snapeda.com/parts/ESP32-CAM/AI-Thinker/view-part/?ref=snap,ESP32-CAM,"ESP32 ESP32 Transceiver; 802.11 a/b/g/n (Wi-Fi, WiFi, WLAN), Bluetooth® Smart 4.x Low Energy (BLE) Evaluation Board",,Not in stock,None,Not in stock
U3,1,BME280,Bosch_LGA-8_2.5x2.5mm_P0.65mm_ClockwisePinNumbering,,,,smt,"3-in-1 sensor, humidity, pressure, temperature, I2C and SPI interface, 1.71-3.6V, LGA-8",,,,,,,,,,,,,,,,
U4,1,BMI323,BMI323_BOS-M,,,,smt,,,,,,,,,,,,,,,,,
U5,1,H3LIS100DLTR,PQFN50P300X300X100-16N,,,,smt,,,2,IPC 7351B,1 mm,STMicroelectronics,,,,,,,,,,,
